name,email,password,password_confirmation
Charisses Heras,charisse_heras@jmail.com,password,password
Rozannes Binion,rozanne_binion@jmail.com,password,password
Pilars Hosmer,pilar_hosmer@jmail.com,password,password
Lenitas Albin,lenita_albin@jmail.com,password,password
Lanells Strouth,lanell_strouth@jmail.com,password,password
Tisas Campfield,tisa_campfield@jmail.com,password,password
Edyths Strain,edyth_strain@jmail.com,password,password
Monroes Haycraft,monroe_haycraft@jmail.com,password,password
Ozies Gillespie,ozie_gillespie@jmail.com,password,password
Carmels Napper,carmel_napper@jmail.com,password,password
Melidas Treat,melida_treat@jmail.com,password,password
Eliseos Worth,eliseo_worth@jmail.com,password,password
Yasmines Schempp,yasmine_schempp@jmail.com,password,password
Juliennes Oneal,julienne_oneal@jmail.com,password,password
Noras Chace,nora_chace@jmail.com,password,password
Merlenes Stukes,merlene_stukes@jmail.com,password,password
Lovellas Hassel,lovella_hassel@jmail.com,password,password
Arnettes Castenada,arnette_castenada@jmail.com,password,password
Oralees Revis,oralee_revis@jmail.com,password,password
Romelias Dalley,romelia_dalley@jmail.com,password,password
Dottys Aquilar,dotty_aquilar@jmail.com,password,password
Drusillas Hiett,drusilla_hiett@jmail.com,password,password
Amees Berkman,amee_berkman@jmail.com,password,password
Carolees Wilcoxon,carolee_wilcoxon@jmail.com,password,password
Moniques Fransen,monique_fransen@jmail.com,password,password
Laraes Hust,larae_hust@jmail.com,password,password
Codys Souther,cody_souther@jmail.com,password,password
Hayleys Cardenas,hayley_cardenas@jmail.com,password,password
Lynettes Mcentire,lynette_mcentire@jmail.com,password,password
Tabethas Armendariz,tabetha_armendariz@jmail.com,password,password
Edmonds Pabst,edmond_pabst@jmail.com,password,password
Corrinnes Arvin,corrinne_arvin@jmail.com,password,password
Mathas Dorr,matha_dorr@jmail.com,password,password
Kips Kisling,kip_kisling@jmail.com,password,password
Leonardas Bonk,leonarda_bonk@jmail.com,password,password
Amiras Neagle,amira_neagle@jmail.com,password,password
Westons Narcisse,weston_narcisse@jmail.com,password,password
Latashas Paille,latasha_paille@jmail.com,password,password
Beths Buckwalter,beth_buckwalter@jmail.com,password,password
Nonas Jusino,nona_jusino@jmail.com,password,password
Montes Loyd,monte_loyd@jmail.com,password,password
Jacqualines Furrow,jacqualine_furrow@jmail.com,password,password
Glendas Crimi,glenda_crimi@jmail.com,password,password
Melodees Fleig,melodee_fleig@jmail.com,password,password
Ralphs Meinke,ralph_meinke@jmail.com,password,password
Sherylls Iser,sheryll_iser@jmail.com,password,password
Xaviers Govan,xavier_govan@jmail.com,password,password
Madalyns Nolley,madalyn_nolley@jmail.com,password,password
Nickys Sigel,nicky_sigel@jmail.com,password,password
Marylouises Benfield,marylouise_benfield@jmail.com,password,password
